| https://github.com/JJ/dummy-IV/pull/7      | 0.0.1   |           |
| https://github.com/JJ/dummy-IV/pull/7      | 0.0.2   |           |
| https://github.com/JJ/dummy-IV/pull/7      | 0.0.3   |           |
| https://github.com/JJ/dummy-IV/pull/7      | 0.0.4   |           |
| https://github.com/JJ/dummy-IV/pull/7      | v0.0.4   |           |
| https://github.com/JJ/dummy-IV/pull/7      | v0.0.4  |           |
| https://github.com/JJ/dummy-IV/pull/7      | v0.0.5  |           |
| https://github.com/JJ/dummy-IV/pull/7      | v0.0.6  |           |
Objetivo;Estudiante;Entrega;Correccion;Incompleto
0; JJ;2024-09-02T17:38:06+02:00;;Incompleto
